cov_level,conventional $/acre,conventional acres,certified organic $/acre,certified organic acres,transitional organic $/acre,transitional organic acres
0.5,20.51,35791636.0,48.31,1472495.0,31.13,102304.0
0.55,54.63,3502865.0,120.72,54300.0,39.09,6222.0
0.6,68.11,25712078.0,100.52,553160.0,79.67,35300.0
0.65,45.89,46028953.0,104.68,902871.0,69.14,59780.0
0.7,46.91,165263115.0,136.58,2089867.0,79.79,128348.0
0.75,42.52,299382255.0,180.85,3045758.0,89.51,212183.0
0.8,35.19,270229404.0,191.56,1788200.0,78.58,135325.0
0.85,43.82,185447052.0,324.23,1125949.0,119.15,102875.0
0.9,23.24,626039.0,5.99,14234.0,28.89,2334.0
