cov_level,conventional acres,conventional share,certified organic acres,certified organic share,transitional organic acres,transitional organic share
0.5,35791636.0,0.0347,1472495.0,0.1333,102304.0,0.1304
0.55,3502865.0,0.0034,54300.0,0.0049,6222.0,0.0079
0.6,25712078.0,0.0249,553160.0,0.0501,35300.0,0.045
0.65,46028953.0,0.0446,902871.0,0.0817,59780.0,0.0762
0.7,165263115.0,0.1601,2089867.0,0.1892,128348.0,0.1636
0.75,299382255.0,0.2901,3045758.0,0.2757,212183.0,0.2704
0.8,270229404.0,0.2619,1788200.0,0.1619,135325.0,0.1725
0.85,185447052.0,0.1797,1125949.0,0.1019,102875.0,0.1311
0.9,626039.0,0.0006,14234.0,0.0013,2334.0,0.003
