crop_name,subtype,match_keys,org_loss_per_acre,conv_loss_per_acre,ratio_org_over_conv,org_indemnity,org_acres,conv_indemnity,conv_acres
All Other Commodities,certified organic,670,194.99,81.15,2.403,45147578.0,231541.0,235864344.0,2906593.0
Almonds,certified organic,242,218.65,89.88,2.433,32823712.0,150123.0,871169615.0,9693054.0
Apples,certified organic,456,475.85,223.17,2.132,125322948.0,263365.0,456027821.0,2043397.0
Avocados,certified organic,156,261.43,207.31,1.261,7965449.0,30469.0,88574584.0,427247.0
Barley,certified organic,766,61.95,27.76,2.232,16295189.0,263024.0,85076171.0,3064871.0
Blueberries,certified organic,192,464.95,660.96,0.703,15813712.0,34012.0,112960828.0,170904.0
Buckwheat,certified organic,26,40.26,21.54,1.869,2119635.0,52644.0,356277.0,16539.0
Canola,certified organic,28,233.3,32.74,7.126,3072329.0,13169.0,11763911.0,359304.0
Cherries,certified organic,255,1026.8,744.23,1.38,35337313.0,34415.0,625057356.0,839868.0
Corn,certified organic,9291,153.81,41.58,3.699,522835209.0,3399309.0,21949161733.0,527909127.0
Cotton,certified organic,377,298.38,150.35,1.985,126069857.0,422519.0,5764894961.0,38344264.0
Cotton Ex Long Staple,certified organic,48,465.34,137.66,3.38,12938190.0,27804.0,38315291.0,278331.0
Cultivated Wild Rice,certified organic,39,257.8,36.99,6.969,3813331.0,14792.0,2952497.0,79828.0
Dry Beans,certified organic,531,120.7,35.48,3.402,25240498.0,209109.0,101515602.0,2861004.0
Dry Peas,certified organic,333,90.16,41.59,2.168,20069638.0,222589.0,256444930.0,6166574.0
Early & Midseason Oranges,certified organic,9,89.63,49.43,1.813,10935.0,122.0,340058.0,6880.0
Figs,certified organic,26,84.16,46.56,1.808,975072.0,11586.0,1924804.0,41338.0
Flax,certified organic,10,153.46,19.75,7.77,274238.0,1787.0,103158.0,5222.0
Flue Cured Tobacco,certified organic,47,1582.05,834.27,1.896,2744865.0,1735.0,39006942.0,46756.0
Forage Production,certified organic,694,16.76,12.0,1.397,2664983.0,159054.0,43216490.0,3602712.0
Forage Seeding,certified organic,4,0.0,20.27,0.0,0.0,349.0,124950.0,6165.0
Fresh Apricots,certified organic,111,396.1,488.65,0.811,1647363.0,4159.0,9757876.0,19969.0
Fresh Freestone Peaches,certified organic,120,117.92,45.43,2.596,1921333.0,16293.0,9454884.0,208138.0
Fresh Market Sweet Corn,certified organic,6,1334.28,410.57,3.25,33357.0,25.0,901195.0,2195.0
Fresh Nectarines,certified organic,116,103.6,111.58,0.928,1331046.0,12848.0,19173823.0,171836.0
Grain Sorghum,certified organic,404,198.65,55.43,3.584,24839375.0,125041.0,299903336.0,5410720.0
Grapefruit,certified organic,98,160.97,149.05,1.08,1068981.0,6641.0,12391473.0,83136.0
Grapes,certified organic,326,64.29,74.35,0.865,7280414.0,113249.0,308083715.0,4143847.0
Green Peas,certified organic,281,182.47,63.37,2.879,18332655.0,100471.0,38469184.0,607058.0
Hemp,certified organic,6,116.16,35.32,3.289,239403.0,2061.0,116687.0,3304.0
Hybrid Corn Seed,certified organic,80,132.37,27.35,4.84,1340804.0,10129.0,6413103.0,234492.0
Hybrid Sorghum Seed,certified organic,13,241.32,15.32,15.752,370669.0,1536.0,370179.0,24167.0
Late Oranges,certified organic,1,0.0,0.0,,0.0,28.0,0.0,8.0
Lemons,certified organic,184,296.62,49.18,6.031,7291394.0,24582.0,22989525.0,467496.0
Macadamia Nuts,certified organic,8,551.81,103.45,5.334,2016880.0,3655.0,8708763.0,84186.0
Macadamia Trees,certified organic,2,0.0,0.0,,0.0,537.0,0.0,21341.0
Mandarins,certified organic,21,736.4,445.98,1.651,836548.0,1136.0,18159279.0,40718.0
Mandarins/Tangerines,certified organic,82,412.26,219.6,1.877,6477049.0,15711.0,102442802.0,466492.0
Millet,certified organic,202,25.38,26.17,0.97,3162706.0,124623.0,64674201.0,2471204.0
Minneola Tangelos,certified organic,14,273.82,71.21,3.845,181541.0,663.0,543319.0,7630.0
Mint,certified organic,1,0.0,0.0,,0.0,26.0,0.0,7.0
Mustard,certified organic,13,296.02,100.83,2.936,2915752.0,9850.0,25857267.0,256450.0
Navel Oranges,certified organic,33,277.33,95.25,2.912,1615199.0,5824.0,30676359.0,322051.0
Oats,certified organic,1452,41.25,20.57,2.005,10132746.0,245657.0,24458613.0,1189320.0
Onions,certified organic,53,498.39,590.77,0.844,2059857.0,4133.0,101092178.0,171120.0
Oranges,certified organic,129,127.8,54.74,2.335,5320276.0,41631.0,71370671.0,1303907.0
Peaches,certified organic,48,932.8,712.07,1.31,2557738.0,2742.0,17992594.0,25268.0
Peanuts,certified organic,238,425.18,157.89,2.693,121375526.0,285471.0,252811144.0,1601185.0
Pears,certified organic,250,316.65,151.62,2.088,11678674.0,36882.0,53723194.0,354321.0
Pecans,certified organic,21,56.8,274.95,0.207,98261.0,1730.0,40874751.0,148665.0
Pistachios,certified organic,56,167.22,82.95,2.016,3260343.0,19497.0,58473643.0,704915.0
Plums,certified organic,88,421.79,154.72,2.726,3494074.0,8284.0,21425912.0,138482.0
Pomegranates,certified organic,8,18.81,7.95,2.366,29047.0,1544.0,131477.0,16531.0
Popcorn,certified organic,173,87.31,24.41,3.577,4158022.0,47621.0,7300235.0,299091.0
Potatoes,certified organic,286,695.62,119.91,5.801,90550501.0,130173.0,284467008.0,2372263.0
Processing Apricots,certified organic,25,109.65,393.34,0.279,130706.0,1192.0,7080038.0,18000.0
Processing Beans,certified organic,20,141.03,76.88,1.834,311669.0,2210.0,1951906.0,25388.0
Processing Cling Peaches,certified organic,59,19.19,105.96,0.181,31065.0,1619.0,5593280.0,52788.0
Processing Freestone,certified organic,31,318.9,62.78,5.08,243641.0,764.0,252297.0,4019.0
Prunes,certified organic,107,161.11,345.84,0.466,2483167.0,15413.0,141742948.0,409852.0
Pumpkins,certified organic,17,55.47,148.06,0.375,83706.0,1509.0,4168301.0,28152.0
RICE,certified organic,134,15.35,9.77,1.571,1272287.0,82901.0,24692900.0,2526203.0
Rice,certified organic,428,208.82,135.16,1.545,104461622.0,500242.0,1009793334.0,7471331.0
Rio Red & Star Ruby,certified organic,10,73.3,19.75,3.711,7696.0,105.0,841271.0,42594.0
Ruby Red Grapefruit,certified organic,5,0.0,536.1,0.0,0.0,10.0,83632.0,156.0
Rye,certified organic,1,0.0,0.0,,0.0,27.0,0.0,187.0
Safflower,certified organic,57,19.27,13.98,1.378,411327.0,21341.0,1332967.0,95330.0
Silage Sorghum,certified organic,47,187.52,56.58,3.314,3805312.0,20293.0,12130179.0,214392.0
Soybeans,certified organic,5048,106.13,18.88,5.621,129912922.0,1224091.0,5133687361.0,271859505.0
Sugar Beets,certified organic,6,0.0,14.35,0.0,0.0,393.0,2281579.0,158989.0
Sunflowers,certified organic,325,71.87,32.38,2.22,9765991.0,135877.0,49730311.0,1536053.0
Sweet Corn,certified organic,264,79.26,24.8,3.196,8510927.0,107379.0,23615533.0,952080.0
Sweet Oranges,certified organic,3,0.0,51.11,0.0,0.0,21.0,54281.0,1062.0
Table Grapes,certified organic,115,340.51,204.42,1.666,22803212.0,66968.0,187691770.0,918153.0
Tangelos,certified organic,47,278.23,76.51,3.637,485236.0,1744.0,2473919.0,32334.0
Tomatoes,certified organic,123,133.71,49.64,2.694,16305914.0,121946.0,103761495.0,2090218.0
Triticale,certified organic,14,58.59,6.86,8.541,313927.0,5358.0,69958.0,10191.0
Valencia Oranges,certified organic,21,121.31,72.56,1.672,414636.0,3418.0,5402499.0,74456.0
Walnuts,certified organic,263,32.5,26.37,1.232,1116007.0,34338.0,37015680.0,1403852.0
Wheat,certified organic,4279,74.14,29.72,2.495,129728417.0,1749705.0,2695910479.0,90704068.0
All Other Commodities,transitional organic,93,49.59,130.36,0.38,641983.0,12945.0,57207537.0,438827.0
Almonds,transitional organic,71,181.14,99.12,1.827,3978091.0,21961.0,368308387.0,3715874.0
Apples,transitional organic,179,209.75,183.53,1.143,3187014.0,15194.0,223508817.0,1217844.0
Avocados,transitional organic,46,123.48,255.79,0.483,181521.0,1470.0,49480067.0,193437.0
Barley,transitional organic,57,41.7,22.6,1.845,271821.0,6518.0,10499642.0,464573.0
Blueberries,transitional organic,76,130.12,444.14,0.293,777477.0,5975.0,23278900.0,52414.0
Buckwheat,transitional organic,3,2.33,25.32,0.092,2497.0,1071.0,56929.0,2248.0
Cherries,transitional organic,63,1052.98,845.72,1.245,2173342.0,2064.0,266921829.0,315614.0
Corn,transitional organic,1664,49.66,30.67,1.619,10737140.0,216232.0,4148338120.0,135261835.0
Cotton,transitional organic,95,172.36,153.79,1.121,8391333.0,48686.0,2796465345.0,18183119.0
Cotton Ex Long Staple,transitional organic,9,140.24,75.32,1.862,254538.0,1815.0,6426371.0,85320.0
Cultivated Wild Rice,transitional organic,3,0.0,22.37,0.0,0.0,232.0,106862.0,4777.0
Dry Beans,transitional organic,125,54.51,25.67,2.123,1889427.0,34659.0,31019599.0,1208429.0
Dry Peas,transitional organic,67,20.88,39.53,0.528,401860.0,19247.0,58044163.0,1468494.0
Figs,transitional organic,5,0.0,72.69,0.0,0.0,818.0,971925.0,13371.0
Flue Cured Tobacco,transitional organic,4,0.0,558.18,0.0,0.0,87.0,1059990.0,1899.0
Forage Production,transitional organic,73,8.42,8.84,0.952,116238.0,13803.0,1916509.0,216869.0
Forage Seeding,transitional organic,6,0.0,1.95,0.0,0.0,464.0,11520.0,5917.0
Fresh Apricots,transitional organic,11,873.81,945.12,0.925,158159.0,181.0,2848595.0,3014.0
Fresh Freestone Peaches,transitional organic,18,27.92,59.99,0.465,17062.0,611.0,3857895.0,64314.0
Fresh Nectarines,transitional organic,19,237.72,178.52,1.332,121952.0,513.0,11675977.0,65403.0
Grain Sorghum,transitional organic,61,40.04,54.69,0.732,329747.0,8235.0,55777007.0,1019853.0
Grapefruit,transitional organic,28,30.9,52.84,0.585,13813.0,447.0,988261.0,18703.0
Grapes,transitional organic,93,64.59,84.61,0.763,424266.0,6569.0,161021436.0,1902999.0
Green Peas,transitional organic,3,159.93,99.01,1.615,52776.0,330.0,292879.0,2958.0
Hybrid Corn Seed,transitional organic,10,12.33,36.88,0.334,7643.0,620.0,685427.0,18584.0
Lemons,transitional organic,39,-0.13,42.46,-0.003,-237.0,1836.0,8281604.0,195060.0
Mandarins,transitional organic,5,439.19,640.39,0.686,129123.0,294.0,11927354.0,18625.0
Mandarins/Tangerines,transitional organic,34,258.51,250.24,1.033,940708.0,3639.0,88797825.0,354844.0
Millet,transitional organic,36,10.41,29.41,0.354,97693.0,9382.0,17493378.0,594779.0
Minneola Tangelos,transitional organic,2,0.0,18.75,0.0,0.0,4.0,63075.0,3364.0
Mustard,transitional organic,2,25.77,40.9,0.63,8092.0,314.0,577535.0,14122.0
Navel Oranges,transitional organic,11,93.9,97.15,0.967,147890.0,1575.0,22945958.0,236182.0
Oats,transitional organic,196,25.8,24.92,1.035,517388.0,20057.0,2109338.0,84654.0
Onions,transitional organic,9,262.26,470.79,0.557,115393.0,440.0,14719691.0,31266.0
Oranges,transitional organic,35,129.34,48.78,2.651,548412.0,4240.0,45443329.0,931530.0
Peaches,transitional organic,6,0.0,366.35,0.0,0.0,19.0,1096490.0,2993.0
Peanuts,transitional organic,52,168.54,185.15,0.91,1359579.0,8067.0,97622330.0,527250.0
Pears,transitional organic,62,231.96,148.54,1.562,544407.0,2347.0,18196532.0,122505.0
Pecans,transitional organic,10,-35.56,180.84,-0.197,-59599.0,1676.0,7805169.0,43161.0
Pistachios,transitional organic,18,273.15,194.17,1.407,1766483.0,6467.0,63648906.0,327801.0
Plums,transitional organic,11,0.0,116.01,0.0,0.0,128.0,1305800.0,11256.0
Popcorn,transitional organic,10,2.64,5.31,0.497,2563.0,969.0,99163.0,18673.0
Potatoes,transitional organic,19,519.91,110.79,4.693,921802.0,1773.0,16337716.0,147472.0
Processing Apricots,transitional organic,1,206.57,820.22,0.252,1446.0,7.0,1138467.0,1388.0
Processing Beans,transitional organic,1,192.86,101.83,1.894,5400.0,28.0,158650.0,1558.0
Processing Cling Peaches,transitional organic,6,0.0,132.06,0.0,0.0,222.0,792118.0,5998.0
Processing Freestone,transitional organic,3,1405.85,186.75,7.528,47799.0,34.0,314108.0,1682.0
Prunes,transitional organic,12,188.65,353.4,0.534,253170.0,1342.0,17607813.0,49824.0
Pumpkins,transitional organic,1,0.0,0.0,,0.0,40.0,0.0,162.0
RICE,transitional organic,49,26.12,12.88,2.028,313647.0,12010.0,9244806.0,718002.0
Rice,transitional organic,141,256.95,103.84,2.474,12599998.0,49036.0,290224765.0,2794910.0
Safflower,transitional organic,2,0.0,2.89,0.0,0.0,466.0,5913.0,2043.0
Silage Sorghum,transitional organic,7,54.96,19.47,2.823,99692.0,1814.0,487544.0,25036.0
Soybeans,transitional organic,914,30.18,14.82,2.036,3289701.0,109009.0,904350923.0,61036301.0
Sugar Beets,transitional organic,1,0.0,0.0,,0.0,88.0,0.0,1207.0
Sunflowers,transitional organic,26,21.64,22.52,0.961,123492.0,5706.0,5685106.0,252421.0
Sweet Corn,transitional organic,5,4.6,31.78,0.145,2887.0,627.0,692198.0,21783.0
Table Grapes,transitional organic,39,155.61,261.14,0.596,1403259.0,9018.0,132197319.0,506226.0
Tomatoes,transitional organic,6,345.75,22.79,15.171,851240.0,2462.0,5619070.0,246511.0
Valencia Oranges,transitional organic,13,68.95,106.09,0.65,33650.0,488.0,6334872.0,59715.0
Walnuts,transitional organic,65,28.39,34.76,0.817,151645.0,5342.0,16369481.0,470904.0
Wheat,transitional organic,661,21.56,28.53,0.756,2220152.0,102958.0,462712117.0,16219347.0
